{
    "ti": "NSACOM_DEM",
    "cn": "TUG23_Siri_iOS",
    "dt": "12",
    "ci": "NSACOM_DEM~KZW1_k7wEtHGxeE6tVNsXIQS4MpO9A1l1I4jWZUyQjM",
    "cs": "",
    "iu": "https://mingle-ionapi.inforcloudsuite.com",
    "pu": "https://mingle-sso.inforcloudsuite.com:443/NSACOM_DEM/as/",
    "oa": "authorization.oauth2",
    "ot": "token.oauth2",
    "or": "revoke_token.oauth2",
    "ev": "U1478358101",
    "v": "1.0",
    "saak": "NSACOM_DEM#IEVH2oD7R8vodRkHsuU7AXR9Q3kWQhP81ql5RRSPU4BHFzqr483X6VOh382jZg7xt5kYXyFfeSBuzsEPKIQieg",
    "sask": ""
}
